Accion,RendimientoEsperado
A1,10.620000000000001
A2,19.259999999999998
A3,15.98
A4,13.98
A5,7.340000000000001
A6,7.340000000000001
A7,5.87
A8,17.990000000000002
A9,14.02
A10,15.620000000000001
A11,5.3100000000000005
A12,19.55
A13,17.49
A14,8.19
A15,7.7299999999999995
A16,7.75
A17,9.56
A18,12.870000000000001
A19,11.48
A20,9.370000000000001
